password,displayName,email
!x8T+IzeOp,ihenry,wperry@example.net
Y6cOB1Lk&f,amanda35,eric07@example.org
WFpBvDkq(9,vtaylor,emilybrown@example.org
*RJOaeiWw5,angelareynolds,thomasmichelle@example.org
09CYF+&k!k,zmolina,mathisjimmy@example.net
(R2%1Ky0FT,ovasquez,reginagriffin@example.com
p@Ek91Grf*,lisajenkins,scottwhite@example.net
&(6q%LlM_a,bradleyfrazier,antoniowalker@example.org
@+XZcFmH0h,mosselizabeth,david69@example.org
)1Pr%vALVU,erin01,ybrown@example.org
_^ECotPYU9,sperez,michaelho@example.org
@)sweHOz46,lopezsarah,vandrews@example.com
_1OFoWqneU,teresaroberts,rsparks@example.net
*WeGQVlWb0,garciajoann,jessica61@example.com
Psu4D56q!Z,lynn63,jordanaguilar@example.net
$0GTphYozH,ricardohoward,bradshawaudrey@example.net
Z6&10T4mK4,jessica30,whiteerik@example.net
i6M3BOy*+),murphyaaron,timothyduran@example.org
m!176Gytck,christopherriley,thomas87@example.com
&47Ot*uuuZ,michaelrandolph,ljenkins@example.org
3_5!9AsKpT,kathleen10,garciaconnor@example.com
92(PSRQf_$,heather44,ncrawford@example.net
nx5sy6Nt$2,maymargaret,rhonda01@example.org
!II2b8k%5N,alivingston,deborah03@example.org
&1PYSaxu%w,sandramalone,hpetty@example.org
u7qf&T&X$J,andrewbecker,sonya08@example.org
_My8XAzz**,courtneyturner,shafferryan@example.org
ze60Fmz2@_,vegalisa,pmitchell@example.org
(T2ClBJ8IZ,michellebell,jacob93@example.com
Zyl#0Lf5@$,wsmith,wthornton@example.org
%t2CSqYkfE,huffkaren,marissa20@example.com
gFB42udu9),sgutierrez,halljerome@example.com
&41rVN8eSY,smiller,howelldavid@example.net
H1mKaLj*&v,tonya60,jreed@example.net
$RYszh6A99,xmoreno,yrodriguez@example.org
lJ!n6SqtH(,courtney77,isaiahpeters@example.net
x+e5A@GyXl,morganrichard,patricia84@example.com
B_1DGRw@9a,hollyjohnson,sotodouglas@example.com
N&4@)ChjBg,umontgomery,mccoysamantha@example.net
QUW!3QukTG,richardlauren,cohenkaren@example.com
!19RSv+bb_,faithrichards,randy79@example.com
f&Zu15Ulmc,jacquelinemadden,tbrown@example.org
@C%9RHah&4,martinezsusan,udean@example.org
4x51DkIs^b,salazarmegan,john67@example.net
@t!9JnmOO(,kimberlymartinez,ehall@example.org
o+^%0VHpLc,kbailey,sandrarodriguez@example.com
(%M9FVjt(G,mary30,xhill@example.com
*knjtPn8b8,robertroberts,yjenkins@example.com
A%7ZscPB@9,ysullivan,justin10@example.net
Gw8IjOlM4_,ffields,brivera@example.com
gh%t6PztM+,deborahsanders,jamescox@example.net
Pg#T2L*gz$,teresa48,johnsonheather@example.net
e&8jItlU(G,xburton,vpeterson@example.com
Wz)n4#Dtpr,jmorris,baxterrobert@example.org
&lR1WlQb48,margaret11,hflores@example.org
nRP_^M(p#7,timothy48,oturner@example.net
^6GpF7x4(J,kendra63,janice36@example.com
4EiU4YLz!e,ann32,pgarrison@example.net
sz1%BrEEK$,vincent88,lsharp@example.org
$P17CpQ#6*,millskatherine,nhoffman@example.net
Gw$662WqUI,fkim,anne13@example.net
3wkL3NVT7%,stevenbrown,tara17@example.net
wy&R)6Tag),stacydeleon,scott61@example.com
8575SL8i$$,jonathan97,lawrencewallace@example.com
n@i2FQwnHr,igraham,iallen@example.com
6J5WLxR#2!,michaelberry,paulmichael@example.net
$z(H3R(%6c,hbaker,andersonnancy@example.org
z5I0JKJe_R,richard23,sharptravis@example.org
xh6fngGfm%,michael64,carlos67@example.com
k_A4Rwiwk%,guy98,lisahernandez@example.net
N*93Iy$!9g,vazquezbrian,michaelrice@example.org
@n8MGg#A#k,karensmith,stephen76@example.net
fC1RJOtgM(,maryfrancis,fmiddleton@example.org
_uBAHQ*oM9,lindsay01,courtney00@example.com
zb$0N$p7_@,jeffreyweaver,nsullivan@example.net
)*6nEUo@k5,mprice,doylejesse@example.org
9Ug$3ZgIu4,justintaylor,deborah42@example.org
U0K#)JUb_A,craigwilliams,jefferyfreeman@example.org
!9Pc9j6t+c,jared67,martinezamanda@example.org
k&7d5!uyTA,nicolekennedy,ccastaneda@example.net
_wSXTL1d75,zachary63,jeremy71@example.org
($1PmLw9sl,nancy58,dbailey@example.net
7&n%AQMs%N,craigsmith,lopezjackie@example.com
RB01pYFsY$,todd34,olivialynch@example.com
yM15uyYv$g,torresgeorge,carterraymond@example.net
#8rw^VEa!Q,christina72,scott22@example.net
)c0_6ENoW^,qadams,danny84@example.org
t9H0(tyc)9,sharonlee,kellykelly@example.com
P9PkTfN7$l,johnsonerin,kevindouglas@example.org
$eTWpxb16S,sotomichelle,smithanthony@example.net
PP)du4%k&*,reedamanda,zachary30@example.org
n#%%8I15st,bridgetphillips,xnorman@example.org
#bAV9kJz#4,stephanieortiz,xmaxwell@example.org
T7Vn3w4A)k,mosesmaria,samuel82@example.org
@muUFhLdo1,gweaver,kellychristina@example.net
+d2Zpj1(pm,ibrown,cbrown@example.org
kn!KkE71@0,robert36,wnicholson@example.com
SW8nT*Hk&8,lindsey26,tanya13@example.com
g)A6NUmZKr,alexandradavis,krausemichael@example.com
@Q_79uZpcp,jenniferjenkins,owensjason@example.net
wK!V5@Kb#0,gordonterri,brichards@example.org
uz6Pj2Kc_&,udurham,erobinson@example.org
OKd46Asm(a,woodsmary,donnawilliamson@example.org
6s7(YRVt@N,tina60,nhancock@example.com
b_77EK$vP$,awatson,eric86@example.com
B2HN#eJE_a,wpacheco,estokes@example.com
Xvz1GT_z*v,keith75,wellsrachel@example.net
^7^YiR_hJE,david92,anna90@example.com
S!^q9SvXNC,nancy94,ihull@example.org
L8mEncSn)B,fowlerdominique,wallschristina@example.net
_7sFC2Jm3g,murphyjonathan,singhcorey@example.com
@91sPKIevv,bonnie75,pmeadows@example.com
hk)6OEmeE@,kristen88,sylviaallen@example.net
3nbQnRFE)d,donaldmurray,ncastro@example.net
Xe7*tFtA(S,davisdavid,calderonmichael@example.org
p^nz0@FmEk,tirwin,prestonrichard@example.net
^bFhQATl5n,howellraymond,marilyn66@example.com
d65fSlY3#m,cpeters,hhines@example.com
0@8Q5YPeXt,scott76,todd51@example.net
K$@4Xk8WP7,crawfordjessica,anthony59@example.com
(0UtnBRuBA,anthonylewis,cnunez@example.com
x8C(@oqj%V,garzadonna,miranda53@example.com
#O!6qXkYm5,lking,idavis@example.net
b7SYaHkO@F,walkerabigail,blong@example.com
fYJBomkw@7,john30,ajacobs@example.com
@6ndAQ3(ki,eschwartz,jcollier@example.org
V3eX2xmn+j,georgehiggins,cdaniels@example.com
wy8fS2o^!2,sroberts,thomasdenise@example.org
(g4W9kY@r^,dwilliams,jenniferwood@example.org
+_2+uCyaMK,acameron,richardparker@example.net
M3TV8lj!!O,qlove,cturner@example.org
!)sILBzki6,avaughan,sdavis@example.com
%1NZ%Tj&CD,heatherlee,jennifermunoz@example.com
!2ObPuQtNC,david66,michael07@example.net
!01)1Qjj3m,christian55,brownpatricia@example.org
)H7SsRupU9,mark04,michele64@example.org
t#Pp0GahhN,brownanita,xclark@example.com
_3O(I_bRJw,jamie59,douglassanchez@example.org
@0#K)FVq#H,longmelissa,nathanwilliams@example.org
y3mIJmYh@@,amanda18,moraleskristen@example.com
d%Mk8ATz#d,reesetimothy,dustin65@example.org
(^6HZJaqkd,brownpaul,butlerclaudia@example.org
v$7zQq8vp&,peterpowell,josephbecker@example.com
r2Qu$5Sf%E,michael70,brobinson@example.com
B(3_sI7dD2,bmiller,lamblucas@example.net
YzZ1&Bh*)p,pcarson,csimmons@example.com
_3DNyhZewI,bgarcia,andrewlogan@example.net
7OugM!In(W,kimberly38,gutierrezrobert@example.com
&K9+DJ!i^f,oschroeder,kimberlyclark@example.org
C@5iNyz*oh,wigginscurtis,dcollins@example.com
(17S1caLuQ,angelayoung,carrdaniel@example.org
*MdOKSji6L,xhaas,edward17@example.org
(41bXwE&x4,hatfieldscott,jason74@example.net
il8ON+re^3,castillolaura,vanessamaxwell@example.com
!_j66*ldvC,matthewrogers,mark13@example.com
#bw2LgxaW7,devin18,taylor12@example.org
%3UTW5sjNd,kaitlynsmith,susan04@example.org
w3WlTBYo)e,doylekyle,xfry@example.com
#%KHj(bU9h,osbornesean,christina55@example.com
xL1RjE+v)!,david99,brandon46@example.org
S+a1EM@iT3,ramirezbarbara,lisawillis@example.com
_3Hq2CYz$v,gregoryschultz,msims@example.com
(d0*4Ul#A&,houstonjames,stephaniegraham@example.org
F#6%ZGFxj8,valeriedavis,millerbrett@example.com
wRGQ6u!1(8,rodney79,courtney28@example.org
i@55XP6yho,mesparza,khorton@example.net
@h9Hqsk&^2,bdavis,rodrigueznicholas@example.net
#(RL0IuF$i,jason66,chrislawson@example.net
#^K$39XGrj,castilloseth,cgarcia@example.net
+7U#ubtyHp,bdavis,nsloan@example.com
%*3RKaWv_O,chad20,miguel69@example.org
7yymVXhw^9,kdominguez,lori10@example.com
&w6F30ov9n,michelecollier,qbell@example.org
yt*2O6DlbL,tonyvaldez,yatesalejandro@example.org
$5AZIUhoi3,kellyjones,sarabauer@example.net
CW9aqftuo_,heather05,cooleycraig@example.com
Aj#75PEn+N,danaryan,carteradam@example.net
UOQ10I(d*5,egay,mfrank@example.com
(H_15AoT8e,patriciacooley,hhood@example.org
e%SN6AGU9o,stevenroth,corey38@example.com
@1HFnlpq82,gerald65,brittanyhunter@example.org
S6OifJuz(K,laurahall,clozano@example.net
63EA*xSi^R,michael75,vhuff@example.net
f%^D2DLxuA,aimee07,timothypowell@example.com
_$4lL_FhkT,jacksonerica,melvin13@example.org
3s(aZ*#!+4,elizabeth17,lewisdaniel@example.org
&K%5CKaf7Q,leah44,petersonmichael@example.net
*131CjWVfh,christopher47,opalmer@example.org
!705JHCb3Q,jonesdouglas,deniseguzman@example.com
$pQRFHwH4Q,travis21,nbarnett@example.net
(!3lVmreu5,sanchezjohn,piercebrittany@example.com
*#ge#7Zg6z,laurenjackson,watsonvictor@example.net
)xaZ6FCxkO,craig65,orobinson@example.net
%XKGyF8p20,tammy76,wilsonvincent@example.net
%IJ*Fg)k1),alanparker,hansenjulie@example.org
kN)d4Sii^B,autumn02,longmelissa@example.net
y+K9T4YuM_,morganjacqueline,shawnleonard@example.org
!qqNr)pkj4,julia57,xwhite@example.org
m5%2f6FpuR,denise39,vazquezmelissa@example.com
Tm4U!!wBj$,jimenezchristopher,vwalker@example.org
