hashed_password,displayName,email
pbkdf2:sha256:600000$AEQZQFOaRlMNWKIA$cc5e6ea833ccad6ff94d91e48bcf6d4b1414dd0ce34712939062b19b3cae9d7e,ihenry,wperry@example.net
pbkdf2:sha256:600000$peiqqJZteNuYgGhm$bfc8f9d482f008f187db188c262ec45edd0be452a2f55f7917d525b51d2545e4,amanda35,eric07@example.org
pbkdf2:sha256:600000$Kyfi70PPnNhERDHb$f6395a6ffcc7616526dc431a33f88fb21d7bcdab13d7d9bfcf2f3380197a584d,vtaylor,emilybrown@example.org
pbkdf2:sha256:600000$SZuHX28AwEXIaCuH$50614d8a3cd36106ef3f224762a3aa501e53b7280ea029c81f303070b3257b87,angelareynolds,thomasmichelle@example.org
pbkdf2:sha256:600000$57cbA1OepYlWQA5C$17dae339f9d10ed528c2bfbb1492b80ce61d8e37324a54ecb568dbc7eda7fa03,zmolina,mathisjimmy@example.net
pbkdf2:sha256:600000$rUVItqJ8nZ6Nop3r$a55a9328d10eeb217295f59ee5f93ec3a7e0987ff44fa0e55a30f15ee19d2ead,ovasquez,reginagriffin@example.com
pbkdf2:sha256:600000$cbcFq1qfQ3lCxl3L$daba58e10746616a94a0a8e99d06ea934a32180e66c9fb0f4d4a416fd407dac2,lisajenkins,scottwhite@example.net
pbkdf2:sha256:600000$yWJsiZMPMwta5dAI$5a9db0c6fcaec642070cc359991669d11924ecb81e3b00ce61a18aca831779e8,bradleyfrazier,antoniowalker@example.org
pbkdf2:sha256:600000$Nh9J24qbfvhK7572$d91ed1cd9b788c34ffc8fb7944f3678191a5cfe126cdea0603af24928f2613dc,mosselizabeth,david69@example.org
pbkdf2:sha256:600000$cryuX4ApZrxEZZjP$3fb0d0106424495ee93888bc902cb162b8348c36019366321bed5086c09a226b,erin01,ybrown@example.org
pbkdf2:sha256:600000$aeEVu2TOUQOcXaOR$4d693a8eb4078076232c95e386a7f5b756453706519233c7d8e64bfee2ccc85d,sperez,michaelho@example.org
pbkdf2:sha256:600000$Z9OhlqnH3HcbNe5w$f1ebe0b6175ece067c4bcc0fe28f6ef32557a98c8d458453efd193568a8a5485,lopezsarah,vandrews@example.com
pbkdf2:sha256:600000$CY3mvCsTFmwMKccJ$226d47db3a031ff9cede23939a0610c15d4d6777b5f75eb3194dc9f00bf4eba8,teresaroberts,rsparks@example.net
pbkdf2:sha256:600000$0cseAfh7VDpL1dOY$b82299942d272802198e89e879c57d1c48b6f3b6e33f6082840832953089dc6a,garciajoann,jessica61@example.com
pbkdf2:sha256:600000$SWAB1eZT22tMQoNf$39881bd565f13228f7d40a175fe85e9247faff62406e01f6cc95bc3e5a9f8303,lynn63,jordanaguilar@example.net
pbkdf2:sha256:600000$FkXeYphaiEcYZ749$47f8d1dbc6a0a1948b179207278a38fce31fa5d06bd8f7cf5c20f24dff1f5692,ricardohoward,bradshawaudrey@example.net
pbkdf2:sha256:600000$o5fl9YVmaEzZhcA9$063a8b2d5b1a039b817703743ff53faddd946c3db7317fa2ccbce47b475485ba,jessica30,whiteerik@example.net
pbkdf2:sha256:600000$LuaHzFYlkJAZIctA$945e5344e1310fee969307175566e26e41f270d32c70c9b622a51b72e1d0531e,murphyaaron,timothyduran@example.org
pbkdf2:sha256:600000$lOPS1uaiTeNvwG9I$4cb15a7e1d449c3513dd1785b1eedb3e85175091dbd907ae696bf36bb339d1d7,christopherriley,thomas87@example.com
pbkdf2:sha256:600000$9wEuv9wyeEer6a6o$586ec3a5d34b42ffc9f531fc35870031ada84df34ad398888edc552b74c10f68,michaelrandolph,ljenkins@example.org
pbkdf2:sha256:600000$C2ku6KxWKvyYvYxO$03a3d6fd5a7c834dad1f877c23c842e2328910dad5b04388e2945cee9747b792,kathleen10,garciaconnor@example.com
pbkdf2:sha256:600000$C1bI197KYrM384mb$1234b036ef12a0cef0eff47a90fe356a2cb0e5d004d7ddee9baa974cbef5e183,heather44,ncrawford@example.net
pbkdf2:sha256:600000$JSUtlHFdWcApkBcZ$eaa6a1dcf2cd6926d0e51e54c61b1536314e23c02b89a52603f0a68a1ff0f189,maymargaret,rhonda01@example.org
pbkdf2:sha256:600000$hpbYE53FS35tkTU8$a605bb474c118fedf88140c761a60c426a7a915c93b4cf139165d94237a60478,alivingston,deborah03@example.org
pbkdf2:sha256:600000$iHRPxFkd2z4jJGWy$d0675c5a6997dbed05c8c8f327133815be2900c53d4938641eb47d4fb589a23e,sandramalone,hpetty@example.org
pbkdf2:sha256:600000$DpICTgIgJ054AFZp$3ab7b087638eb88cad31a92cda667473a0f7b1b51ccb3bd548bc09dc69b828f7,andrewbecker,sonya08@example.org
pbkdf2:sha256:600000$kLQS5jRONhqsPr0I$5fd3aee115a8fb28a3ad84a0f1e6b26298ffac5217cd488b39ae1d3026819323,courtneyturner,shafferryan@example.org
pbkdf2:sha256:600000$A13qCcovuGiRgWQT$1b5f048d1e25f2011710d4155b78d5c6e3936c37a29aff2083025824599175cf,vegalisa,pmitchell@example.org
pbkdf2:sha256:600000$E7heF0JL6Zc690Wf$346d977cbb2ac908d28bf05259e8b59f779b34d2281a61c6b36ebb7d5e523e54,michellebell,jacob93@example.com
pbkdf2:sha256:600000$OcO5PebtfhHBOEFm$a3e3e2231d7cd59c91466c13a800bf248e071c5ae7ae210e787990f7ec5bac36,wsmith,wthornton@example.org
pbkdf2:sha256:600000$C3P01haDDVaQTmhb$7d8352884721d4c63f76cd534a5158e3f5f3da81dcf2b216f8573c3941eed824,huffkaren,marissa20@example.com
pbkdf2:sha256:600000$5YbPFlQRbgURVYdJ$61cda6b18a6f913f8e57e2e12fef1f8f9c5addc13ec0f2772f7bd7547202dc1a,sgutierrez,halljerome@example.com
pbkdf2:sha256:600000$GYxTrVNMce1BzQ1y$311e406c341aeac9b5096d90adaf0486fe9eae194d2d82577446aad86826208f,smiller,howelldavid@example.net
pbkdf2:sha256:600000$mNNmF53F7QXcxCFC$0335f2142d0b92c5c263e26c3b8ae2123b3b0f3c50d99136ca89b19a4036afab,tonya60,jreed@example.net
pbkdf2:sha256:600000$skJPhjGgzXNKEhaC$71d4af334703ce320b644b15a152f25a5fb51ccee258d6acf827b937733d5535,xmoreno,yrodriguez@example.org
pbkdf2:sha256:600000$pgcAOl0IoBI1AYTd$bad364b35c2f8b8aeb263fa5984c3ebdda1d478d618a035889132218ae195036,courtney77,isaiahpeters@example.net
pbkdf2:sha256:600000$ivE60h3K9KgfNpuk$d2eaf1a23c219b4c27cf7e5cbf874c9b252aa06f99f52c3578dd21e408894ac0,morganrichard,patricia84@example.com
pbkdf2:sha256:600000$kePFOJK4hCM9iXVo$5557cf19a2631de19f6b93eb0a8ed32bbfac164a071d601d6c05a31ae8fd0390,hollyjohnson,sotodouglas@example.com
pbkdf2:sha256:600000$qCFdU164Gz6htCTy$8b49d436c899f5f0ece4532452a7a6d50680c99042d4e0330749e2fd22bed19a,umontgomery,mccoysamantha@example.net
pbkdf2:sha256:600000$gerSBnHFmH7nD0Tp$2d2b9729d63805f0039bc68ba3f508056c87707261072e12f1e6088678524126,richardlauren,cohenkaren@example.com
pbkdf2:sha256:600000$DvE6s7YpM8QaAfN0$ee0d8b74e508c701080dd6941801771b39bb87b8ad6685afa84a86245d7be2b3,faithrichards,randy79@example.com
pbkdf2:sha256:600000$t4kuybF4Od9NwZ3y$958ee8279c03205c935896ba9b7f6cf949bbde6a9d860fce5fa3ab3e4b4e17ca,jacquelinemadden,tbrown@example.org
pbkdf2:sha256:600000$hNqtzt8W5GqQ46p0$db1e724bb5f4665f59a4dba13ee088cdad29bfb790d9ddeaac6e4936a1f41739,martinezsusan,udean@example.org
pbkdf2:sha256:600000$DEOOFBYmeRFkjuTF$c6378b419f7ce9860d64a10801293b3b747e98a6443804ab7789485d15d194ae,salazarmegan,john67@example.net
pbkdf2:sha256:600000$S4bkkrsNeyraxsaE$4b7c3e71b2bb30f9009352ec2417d0ddfc71d7c8232f650a84f1606136cffdb6,kimberlymartinez,ehall@example.org
pbkdf2:sha256:600000$SYdOgtLo5QySBOEL$d5a770448706f0984eadd52a21f8e191d5171d30ccd97e2353e3576a2167d93a,kbailey,sandrarodriguez@example.com
pbkdf2:sha256:600000$xbMHY0MA8hYlHGHE$aff39bc359beca3afc2c7f1f83fca38ec028b03becf0b123b9bd5817c1b097c7,mary30,xhill@example.com
pbkdf2:sha256:600000$vQWROrwQslGxNodv$d69dc8b211fa4ea5bce9da78dbb1211282e399780ee07045004cd0b27bac5607,robertroberts,yjenkins@example.com
pbkdf2:sha256:600000$Dde01Vbq6hsoLIVA$6a90541c69268849d64f5500e24ca61f307e839336eba61800787d1275ca28f6,ysullivan,justin10@example.net
pbkdf2:sha256:600000$2dRFi9pRp6akrGKx$de6630734ccb11396df9012c18b1d9e7ac5d605a70ad01527143cdf4b6a29d85,ffields,brivera@example.com
pbkdf2:sha256:600000$OlzOg5AWUqstU97U$80be6a75127a0e77f822d93b63fbd65ecba501a1b4027527e3716522a08acb80,deborahsanders,jamescox@example.net
pbkdf2:sha256:600000$yZ9bMJ1g4mTQAsnR$94b1ec15935818977f6ce450bef74aae58584fe15ca8236ffa126f88123c9972,teresa48,johnsonheather@example.net
pbkdf2:sha256:600000$pDemP73TmWMO2uZl$5ac8a55e7f941e76cb0c22d3343793a3b18326f9fb9011ba2a076cd6a8a976f4,xburton,vpeterson@example.com
pbkdf2:sha256:600000$3Dp8MJ3wOFCXLAbs$93afaa0f36bcfcc10cc726d104cd2c74d47c2c55edd899ebab42aa4ab4f8f2c1,jmorris,baxterrobert@example.org
pbkdf2:sha256:600000$JUIu7qRN0kExFW2a$9bb136081e46a4cc36b69412984ba07e9ede1c6d1303f6d1ac1cbd14a0afed5c,margaret11,hflores@example.org
pbkdf2:sha256:600000$5XWVMBTF1CYKCyEf$80df5957a65c01b18834d81a329e98f9b0e0b50434ab65fc8aeb3e3ffaea54b9,timothy48,oturner@example.net
pbkdf2:sha256:600000$89TcloWrid8ejIZC$c3136e1f658bcce338014017e6edcd8e73bb17e6d4114713394edad9b98e4f14,kendra63,janice36@example.com
pbkdf2:sha256:600000$6iVh8zkBcxGuSQIn$d806f1864d821dabd8cfdce83eb746849ebddc0e6c804fa605bee607a31a210c,ann32,pgarrison@example.net
pbkdf2:sha256:600000$91vEhCoeB2yKPCyD$4427b463fbd34ac1a779ab3a0e4b8ad3eddf92bf57b99b634981b59769acbf67,vincent88,lsharp@example.org
pbkdf2:sha256:600000$P4gYwUY2PTMfDopf$e945d5e35af555af333340fa75d672a5319dfbb7b169c529d7a0fa3161b710ff,millskatherine,nhoffman@example.net
pbkdf2:sha256:600000$cVxNdidUnKgxJUuL$213b62597021600e25815f9a24e3011b5e531eb648e0141c6aeb0596a0301383,fkim,anne13@example.net
pbkdf2:sha256:600000$7ucuL9P9dLVyHpIZ$f024c0299ac9e2df6e7688b97d4d937a406faf6f7ca934d1490d1d2cd08721b7,stevenbrown,tara17@example.net
pbkdf2:sha256:600000$okzi34guMzp1BKey$fb48b2822a6bc3eb874624acbb0d96f4b9b0841b63d830f03cc330c8594e2956,stacydeleon,scott61@example.com
pbkdf2:sha256:600000$9OSPmRKKRacjV9Hu$233e4604ad4c7de5a4bb368a3b20b2c9d1e502ddd6cd4c58ec96db03e19f1584,jonathan97,lawrencewallace@example.com
pbkdf2:sha256:600000$UPUg3m5qG9WQH6Rz$88da2bc51bf94df79bb2bc26c76b498b171c1e1dcfba0fe68c23eede0807f2e1,igraham,iallen@example.com
pbkdf2:sha256:600000$fvBaVWWnKlFMbFDh$772348d90ad6fb3ed04783b5ec616662c9c96893b26b6647bfba8f1c24a9d273,michaelberry,paulmichael@example.net
pbkdf2:sha256:600000$UhFuiuSCAihshK6R$6e38f753a4875643492021bb3e2fc4de8a86ba387aa7e0954020bcb8b45e2daf,hbaker,andersonnancy@example.org
pbkdf2:sha256:600000$US4ThZyulXFAknrx$b93a268763852a6241bc340cbeea0ebdad781040e43310befadfa711fcceb251,richard23,sharptravis@example.org
pbkdf2:sha256:600000$bbDT0uHy6RZfcMrD$9928cb37dc88df4f08a1fe980b4e9675fea08521d07ae88a88c2785d886a8ceb,michael64,carlos67@example.com
pbkdf2:sha256:600000$YTPAp297dNaxZRWi$a081e14c8420538babb7fbeb9a1b9cf5d729085180215560875f41d1d09aa0c5,guy98,lisahernandez@example.net
pbkdf2:sha256:600000$A35TlpEQ716akbge$88234932c4b24ec2a554bbab6d012e7e5f6fb0e09187ccd8129cd81433a17930,vazquezbrian,michaelrice@example.org
pbkdf2:sha256:600000$lVbr6ZWo9lmi1ENY$665c7185fef13c47f862f4267e8be967cf68d40ecc7b1f2682efd98d3167c524,karensmith,stephen76@example.net
pbkdf2:sha256:600000$1Ri5DXF1WzY77lCF$f7d8635dd9969021a9a9dd477c9f5b63769e5555180a75bafedd16d952d63b53,maryfrancis,fmiddleton@example.org
pbkdf2:sha256:600000$yH1gHLyeeETbmPV5$1e05624111daf3afe9c3ecb6c874a7de77ba65d14942b8df4072719453a2b572,lindsay01,courtney00@example.com
pbkdf2:sha256:600000$9kVT3WHR7YFAAIOR$b4416aba2bbcde9d8fe44d95c2a8f773bba8efbffceae8d8885b44b642031839,jeffreyweaver,nsullivan@example.net
pbkdf2:sha256:600000$m6hziyIxL7B71pCF$03c9c2668700a1f1e806acad63a3cea26b154df25d8484ba27269bca309f8969,mprice,doylejesse@example.org
pbkdf2:sha256:600000$hTy54rzKr8xuD4x5$b6a1a335a5628be3347619875d7862a3308024bf400e9895c1686022e155be37,justintaylor,deborah42@example.org
pbkdf2:sha256:600000$nYe6IOubAFKJaOEL$8f09ec5bbe0e7db76fe7f7126da57f9f2848bf25a64278e7c6031a4e9ecdd5e5,craigwilliams,jefferyfreeman@example.org
pbkdf2:sha256:600000$xtahBIPxyLyQwwSG$2299fd5fcc20244f8dc6bc14d0d3bddcc9ea5357482507078bceb8625cf5f9f1,jared67,martinezamanda@example.org
pbkdf2:sha256:600000$Oa4DD0tONeu7vEk4$56c15536b7436d5b037e0f13e01fa4b242a3c402003ba275413dd6b47b16e543,nicolekennedy,ccastaneda@example.net
pbkdf2:sha256:600000$kdsQaFHRA9xuGrXf$25dea81181cf0e4b9b4232afc4a2bc436b0c0a469e492eae914fbb9e4fecd6c2,zachary63,jeremy71@example.org
pbkdf2:sha256:600000$qsAHuNuvJ22jredA$b9ce6f2b186ebbaa85a8bc1dd60e4f9df90dc05a4e77806a624c752964d8142b,nancy58,dbailey@example.net
pbkdf2:sha256:600000$sYtPwOhOa2VMen7t$17eb2f54221ce8b4d092ad6696e1450b061480a053e72025396c0b5943413da4,craigsmith,lopezjackie@example.com
pbkdf2:sha256:600000$lQS3XL71whOpztQv$749e5009e58050e447b6a0f46d5ad970fd37d433a7a316bb556b123c0e64e9b3,todd34,olivialynch@example.com
pbkdf2:sha256:600000$TllTziSUtmsZuPBz$8456bb1c96f42a4c09f5487442813d22e7256cec16403483649cec202b321654,torresgeorge,carterraymond@example.net
pbkdf2:sha256:600000$8fQewATs7YLBKkFc$426c6dd15db7eefc3b3aee526b24314996eea3ee9693a71e671b28561c7b01d6,christina72,scott22@example.net
pbkdf2:sha256:600000$2Uob2DEeoacJlY7F$64458e221e09d83058240580d3a7c185dce34fa93f8a9c1b9d60ab26e1ccd9e2,qadams,danny84@example.org
pbkdf2:sha256:600000$SuZYtT3IA4vaM8yx$bde28dff06bbced3b534c4b516c4f5e3c50ad02b85d71df6653e892b2bcaeb68,sharonlee,kellykelly@example.com
pbkdf2:sha256:600000$AvfvbrpVPtDf1NgS$976dda7107aa18873bf2a29ac28c5a487ac507c1b0c8ab380ad510257d910b9d,johnsonerin,kevindouglas@example.org
pbkdf2:sha256:600000$gwAvbWlLiPL8E3qs$a2eb6cbf30b2475135db064ec042f2e9af58740e5b76d38231c950f84b68ea42,sotomichelle,smithanthony@example.net
pbkdf2:sha256:600000$X4gOHzHVSb5k38TZ$180b43827818ad510b76f3f9d7e5ae47621063d2268782ae0c27880bab0ba99d,reedamanda,zachary30@example.org
pbkdf2:sha256:600000$XNrjdPLkwsmBTCTb$3dac0b8bf71c3f9d388bbdbce3370b98e6b203738dd49d18229ac282058581cf,bridgetphillips,xnorman@example.org
pbkdf2:sha256:600000$xpKH4L4nLDavWViK$6cb5bf36cb163883e0c4f9f364e25127c8d38d53a66308b881354b13bb87d1a9,stephanieortiz,xmaxwell@example.org
pbkdf2:sha256:600000$uz4NkhvorRHZx0lx$c3a98c5272e99580101c3f492c726406cdfcdc5ad526808d6512287aabb221dc,mosesmaria,samuel82@example.org
pbkdf2:sha256:600000$3Hz6JPsuOe9JPpKe$86d6d479f94e010fdd03b50b4cee98999f6e36444805369cce0768ccd33653a0,gweaver,kellychristina@example.net
pbkdf2:sha256:600000$ZUDhLGTWtmqYKWx1$c684320bcd3a0d38bcdda6259641561a478fe678cb0fdc8e5a0d6d1ef6002a42,ibrown,cbrown@example.org
pbkdf2:sha256:600000$Uqo2H7KfxdQrW3k9$33e3c078246b6dd0d1f1b3f86fd8bd59bf571f37b6fc7c2ff0ff5089fd56723c,robert36,wnicholson@example.com
pbkdf2:sha256:600000$arjFTRz1ebwUDzyn$8cd948e3086d370e58ec7a9e9fbad9476fe109ca68cb05970ca688a041361629,lindsey26,tanya13@example.com
pbkdf2:sha256:600000$UZvhSjhKrXvvR6TP$35553eade2d54d293a5b9349009da1e8f0f302a2417acd3878e350e5f90e44ed,alexandradavis,krausemichael@example.com
pbkdf2:sha256:600000$7N7FTCiv42RkMRaH$0567b0382517e0b70262e61caec7668893ee87f790e088914f85a9d3fa1cb696,jenniferjenkins,owensjason@example.net
pbkdf2:sha256:600000$ltiOsv5MUnOfjcKe$80762bfeabb4dd56d21c76a1d240ad07c0642d5c0a97645138474327b51b9f7b,gordonterri,brichards@example.org
pbkdf2:sha256:600000$TyNSQP8FFCzeN4MC$fe1ff68030a3ae11819725ca6839b529d7799e95e024ca47ea6a5354dcebf7f0,udurham,erobinson@example.org
pbkdf2:sha256:600000$if22QC09hDhMVKnA$94a8ddca83f582b18668f5a7c63d687910a07dc31f8f35cc01589ac8d4373be9,woodsmary,donnawilliamson@example.org
pbkdf2:sha256:600000$teLP2gpTiaAphP7s$80f49aeca17f9035030f6b6bb282bae1a036a9cede612c8385f02f7918063244,tina60,nhancock@example.com
pbkdf2:sha256:600000$wdaqvRrEtu1KpA8E$9c38f51968aa56ace3642ab4da1b685c62eeb285dd0c76ad1449a2fae0f5b247,awatson,eric86@example.com
pbkdf2:sha256:600000$6xIfBGqmr4BlTqSf$e66a5a6261896b9c8d81a6950274bb8ad6501d30e40e313529f3c5ad5d1da7b9,wpacheco,estokes@example.com
pbkdf2:sha256:600000$5xkZcdclQfuRwV2d$97b37f53b020fe3058eb19dc3d9da1fc36a7d85c319b1e88d2e0de23f326c7ec,keith75,wellsrachel@example.net
pbkdf2:sha256:600000$amZUUOO9EXtKKGxT$8c2a552a07a47b88267c1ed2007caf0117505f8a582c35a8796934140e1fe3d4,david92,anna90@example.com
pbkdf2:sha256:600000$lSl7GyLCLHA5hdAf$412e5513047098649d530c8a32264bf30ce7bd4f2ad0a5f67ea09bdd2d227432,nancy94,ihull@example.org
pbkdf2:sha256:600000$Ze7wxAsQL9nt1cBU$67fd58487735463402ab75537ac51b15695980acc2dfdbca97aa103588b97660,fowlerdominique,wallschristina@example.net
pbkdf2:sha256:600000$SqUhZemFYxw7uyUs$448c2e3ef5ed977a0a558d912469463daed4b2d0da7f31bec12777aaa3cbe1f6,murphyjonathan,singhcorey@example.com
pbkdf2:sha256:600000$OCw8Tj4CqwcXI5uu$e07979e712ece160ee45ba3fe7f436cd8febd54a1f5112371f60c170fd57d829,bonnie75,pmeadows@example.com
pbkdf2:sha256:600000$wuDsXrblwVTv28Tz$52d18da052ddbb83dc21ff6223375f43d1e6a69e16c0632945bbd7b46d463041,kristen88,sylviaallen@example.net
pbkdf2:sha256:600000$28rgEIjAXH6ytYgO$0f037b6138e6839e589a51cd03c55311a7b4097aa7ad086ed846f4fd36e0d8f8,donaldmurray,ncastro@example.net
pbkdf2:sha256:600000$q6BrO16bTezjfFXe$d718f0c4e1618368f7780ea7d902048a3904325a906a6e40bae928577989cdd8,davisdavid,calderonmichael@example.org
pbkdf2:sha256:600000$Lhft8wrhUmaRCERK$ee7b83d50ae9c95d6c220056d3ee7df3637f04333f4e4bcc7fef614e12f9298d,tirwin,prestonrichard@example.net
pbkdf2:sha256:600000$YgvtidXWmVPM6VzP$e5f49f33c9b510d9fe33ee2d4e9b1b9e28f90709efca1d0759730f9c42458cf6,howellraymond,marilyn66@example.com
pbkdf2:sha256:600000$tO4QphkoEbpm7cSP$03b366a636631b1e8b1866ca058be95e845902e3bffed421ca06277ce164d7c7,cpeters,hhines@example.com
pbkdf2:sha256:600000$qm44ZsyCl7lX6HGR$985e4b898eb0fe529d36390bad7618153be8d3f2588792584cd4b73fe4d597c9,scott76,todd51@example.net
pbkdf2:sha256:600000$pMGvRb2OOjI6rSXH$b162c140596cc64e17228cc4e9fe15f09c8d9ec2fc946586b67a9fb843c56e19,crawfordjessica,anthony59@example.com
pbkdf2:sha256:600000$eeAXz9FLJJFW7Fph$c4d558491844f9985f11fa6a3685a8958274f9a31eb22c6e708b036d65ab6ea1,anthonylewis,cnunez@example.com
pbkdf2:sha256:600000$JFdAcONBHNxm2zH2$c3c90ce218c52e7624ee9df5af27fd04ae47a451f8ddf36efbb5bb9e2c671af4,garzadonna,miranda53@example.com
pbkdf2:sha256:600000$TJWq0yeRfrKG9w19$9c25e1286da55281d539505b754875b307dd281c63c920a8e8643121309c4eee,lking,idavis@example.net
pbkdf2:sha256:600000$oxF1mOhcDzKywxYs$82b0543eef2450fb966b6b01589fe41988e1c7d60d9686d9fcf35fbfe702351c,walkerabigail,blong@example.com
pbkdf2:sha256:600000$drED6PHJpnYV3FsZ$3d943e8926d9584bbf240498a24218351a19a7c606405465373e1fefada9377c,john30,ajacobs@example.com
pbkdf2:sha256:600000$52amxkegchZVnfSG$10520ceef81862009f7c0772f4ac2956e32b919f629be6fba1123cec74dd8acd,eschwartz,jcollier@example.org
pbkdf2:sha256:600000$bzusIPUMQ7WPc0rj$9a0a737edfad798ca7a2c8081951a39d120ad3f5df402915df19260a476ced0f,georgehiggins,cdaniels@example.com
pbkdf2:sha256:600000$4EDT1Z6hJB2ocL6K$0b801e96d53ffbb9a858736494ce01c5aad45b79f1fef0698066fd74d3ccebc7,sroberts,thomasdenise@example.org
pbkdf2:sha256:600000$p8sjFIwOWnJa0e7T$0dfd2b4a5cb359e4b33176769e06ede44d3e008ee961a8fecc9e33f1663a6936,dwilliams,jenniferwood@example.org
pbkdf2:sha256:600000$tGUxwh3vvg90HJFi$258859577d0ebdca5842202527aea368b7e149430f88775ef2db52fc4781a01c,acameron,richardparker@example.net
pbkdf2:sha256:600000$JKFilM83rRRiAtHM$33e23eea88b43c6acf8ec875176eb00e58093c3061a9486543fa10f30dc10573,qlove,cturner@example.org
pbkdf2:sha256:600000$FKmoKjSQ74yh5RSV$539ae12323adf50033e2ae7ec41a58a18cbdfbab8a85292a63395595b76f5225,avaughan,sdavis@example.com
pbkdf2:sha256:600000$6JrxCUa4jGcrpmMw$b093a57b5dc74e485d74364aefea81010b5321a38744f481ee1540ecce8ccdd3,heatherlee,jennifermunoz@example.com
pbkdf2:sha256:600000$eDJycicWwnPpIwDb$2ab5c531a668a2448671a6b357a5d8c67a982f9c35086c03a7651fde8969175e,david66,michael07@example.net
pbkdf2:sha256:600000$P1OmZhX3LZPeISDv$d24c07c191a485988115088c7c5bc1dd391b117548937208a12903135a91c7f0,christian55,brownpatricia@example.org
pbkdf2:sha256:600000$Z3csPRPmgXwGaEMT$7d80a40ecbe3be1b0349b696c1405a5cdc0ce30a00403dada4e195ccfc0b546e,mark04,michele64@example.org
pbkdf2:sha256:600000$GP7GeFUy5DHyCwfB$8ddb6a5889c1539ecf3907a9ed51d43473b8e10f89feda2e520cfadb87eaf86c,brownanita,xclark@example.com
pbkdf2:sha256:600000$2429OFElpjrMHyvt$d6f17f589c22d5c224cfcffa4ad92850ab21f0fc4bbe07630b078e9dcecdbbd5,jamie59,douglassanchez@example.org
pbkdf2:sha256:600000$wgKIQsCXUWkY3xGu$26958126205a50cf024443c3f160fe89d0946bfbaaf9c5a2942c2b84abf91fa5,longmelissa,nathanwilliams@example.org
pbkdf2:sha256:600000$T76roW6QllLv4uAs$784c9b822414d9f8d5fd732e24a26db08ac6991b3976f2a3cca8bd28cdba7717,amanda18,moraleskristen@example.com
pbkdf2:sha256:600000$5VSsC1kJ7qwRggti$06229c0b45f8e4f36283a435a37f882acf20718772f437bc07c2e5d4d4f505e4,reesetimothy,dustin65@example.org
pbkdf2:sha256:600000$ylXotZ9LwpDluy9V$8c3c0d3f7c6d18149a449afb6a695e20d0f6ff4a9857a7e2aa7fa1a17479372b,brownpaul,butlerclaudia@example.org
pbkdf2:sha256:600000$k0MlYitgYgFbUrXq$0518608fa3c6bde1e43caaf5415e55ffe00bc6ca6b18d38b43daa0d2600f4db8,peterpowell,josephbecker@example.com
pbkdf2:sha256:600000$dkRVztTwSdyfJoIa$7067a7cdf42b8dab86cdeb04e5aa4c26a53170ab4e14e6de4b5cfecd79934dc3,michael70,brobinson@example.com
pbkdf2:sha256:600000$BG0GEsryaR99SIf6$8b6846e030fb0959bd37a33c54c860eee1cb8c251290114b938d57eb6cfe509b,bmiller,lamblucas@example.net
pbkdf2:sha256:600000$deldORbxDRD4BDcY$33c6873e8cafbee4f934ef37f5a5feb1f8b36bedfa29ac73753dc1423c5ea11d,pcarson,csimmons@example.com
pbkdf2:sha256:600000$XUdpAdOuDTaQRzEA$9757750207edf65e3a87dd6c9a87eec83d8dd3c04c152416848f574679279c1e,bgarcia,andrewlogan@example.net
pbkdf2:sha256:600000$cYu4it2VYzSyI5TS$01e044ad53e3ebf1a64832d47fa15e895deb52c3ff0865c7ab66d96ff4483a17,kimberly38,gutierrezrobert@example.com
pbkdf2:sha256:600000$Bunsor4kqPxT08h7$2a1e1fad9912f75278fb3df6b6a662ab1879299e922eff28f6439312c8b8fb27,oschroeder,kimberlyclark@example.org
pbkdf2:sha256:600000$bP0QKAwelVWCc8Ol$e64b6eac03758cdba33809f3c3db8a5ff2d55938c546cc083d0d5e51181514b3,wigginscurtis,dcollins@example.com
pbkdf2:sha256:600000$TSVPIAzSxmSIbSfx$16593ef8567ffe5a72b232ddd440d147a6b26b519da5d31634cbfaf5f1effc26,angelayoung,carrdaniel@example.org
pbkdf2:sha256:600000$uOc4LuRwjhkkMrSx$a06eefd6f52be93fbb84e31ce9b5ae1d0aa64dcbac7af4c7427a6d79fba59dc6,xhaas,edward17@example.org
pbkdf2:sha256:600000$jOojwJTsCIlkAcq3$906240b802b173001177a16ee99e80134afddeb1206b52cacbb747e8aacd40da,hatfieldscott,jason74@example.net
pbkdf2:sha256:600000$BqeA8AV44wHnMthf$f0845e4b690be5de6dcb74e5c7aaefbe3e49e4092436b0bc14204af9d06c52ff,castillolaura,vanessamaxwell@example.com
pbkdf2:sha256:600000$h1cMsTpQPuhVoERt$3f062b2f90ae536a45ba2c6480a343b668cd9669bb3c4fe029fe31efe5dda1cc,matthewrogers,mark13@example.com
pbkdf2:sha256:600000$7e0lVZzjuDyDTgms$994169dc731f4b5eca7a72a52730fb0452a01780bad341c58f3a871deb74849f,devin18,taylor12@example.org
pbkdf2:sha256:600000$GGwzj3jhP5LsrM6h$2f8e3e48a64b9532e7477248f454f7e079bbd7f98473dbe77c176a6557aa01f4,kaitlynsmith,susan04@example.org
pbkdf2:sha256:600000$Kt9jLcVAJIFsU5So$4220c50e8dfc1e883818d1939b7d4ee75ed2727389f9161cadaceb318f6896c0,doylekyle,xfry@example.com
pbkdf2:sha256:600000$cqpMtm3zSeBlocyH$09aea81bf2fda3ae5a4ae8a5b5498b3952722689cd3dc72eafc882cee0ba7f0c,osbornesean,christina55@example.com
pbkdf2:sha256:600000$zzU22YgVC0bjoOjJ$d4696f0a2fed4f76e2b4dbd4cfeb3d1d93c69380ad9b70034705df1099763a7f,david99,brandon46@example.org
pbkdf2:sha256:600000$nfFxnyqNj2fqZyHN$ecb14c1ea3e12fd3438561356974e4e2dcc47c0f1a6d609edabe396aaa0393d8,ramirezbarbara,lisawillis@example.com
pbkdf2:sha256:600000$5V4SwGvQHdzyn5R9$b90d1e4d65188fe4fdc8e67337e9459c4a5d9a56986da46c22f503248c4dfff8,gregoryschultz,msims@example.com
pbkdf2:sha256:600000$itBznSBdXLjJLqB4$f4fde9db981d1744410b1a14dc712551c3be9a8e7b1ebd193d4af609d657a72a,houstonjames,stephaniegraham@example.org
pbkdf2:sha256:600000$dfKMHMLo3zKV4yQ2$dc753519ba332f4145049939d50fc13c0a78722a40508331c085e23f24c66c96,valeriedavis,millerbrett@example.com
pbkdf2:sha256:600000$k0wHQwhjnC2CO4p9$54802698d72b37865aad9a15ceadd3ba6839fe2e1d2c107f0f8577babe39353d,rodney79,courtney28@example.org
pbkdf2:sha256:600000$JBBfHX64ix6SHRma$a23a26055c0937cb9d17b2e3e250783645ce7a96a59e396495748716f7e5e77f,mesparza,khorton@example.net
pbkdf2:sha256:600000$GVyCNiRkVwdSIQqm$d962a91bec46855f2ac3ba9163dd1f231eca458a623a4ba1acfa74d84fee40b9,bdavis,rodrigueznicholas@example.net
pbkdf2:sha256:600000$yrxvg3vWOnCnwBxL$66e6452a09cd7a937af0803a47423b864f14e1b9c526b7d81d87e2e3ad2725b3,jason66,chrislawson@example.net
pbkdf2:sha256:600000$HUsdvLNRzatZMmEK$cfbe6e58f7069f7974fd7d324dd1af92a75af540cd49690cd338b51daf81029a,castilloseth,cgarcia@example.net
pbkdf2:sha256:600000$rZI3B8Nxn01h50KD$14af70f200376c7e666cf154db5ea3ddc6ddb3c9d2ea39a02ec7748f91b1cdac,bdavis,nsloan@example.com
pbkdf2:sha256:600000$UkemnmgscdwmwEf9$6cd6f7f4a2edd12fc8354718990ad833daa285867499c6f8dc98cfea16ca7d77,chad20,miguel69@example.org
pbkdf2:sha256:600000$xMqp7eJrpX2ECP2v$4c8914b18e7b947588e94511f28011eb4909cd1a7eab19481946feabd6069600,kdominguez,lori10@example.com
pbkdf2:sha256:600000$ia0CR5tuepO7YRXu$b2b7edce36390c40658b0292e6d4ecb00a0a98523ce8b3db78cd7f9e637edf86,michelecollier,qbell@example.org
pbkdf2:sha256:600000$wymARP7ZtEC5Ao9q$1ed144a664959cc6a90bfe35ee9d574056ddcdea6885969532f5146b95704833,tonyvaldez,yatesalejandro@example.org
pbkdf2:sha256:600000$nAUqWF7KBVNt34HN$3ee63006e2164fe427a2d89e7e60d9d02a5a13195a82462426966b10a56eb679,kellyjones,sarabauer@example.net
pbkdf2:sha256:600000$8VFHjxiFKlljz53u$93ecf4722b63067a0238cedf1b85e428aec9b1f75c856513e8cc1c64f7e27517,heather05,cooleycraig@example.com
pbkdf2:sha256:600000$OPDGLEuYdkqy7SNA$6393d1b0312c39d1be8333f835b0665fe3d044071893c54b6584a0e3e5a961e5,danaryan,carteradam@example.net
pbkdf2:sha256:600000$1oC7tiI2i7Gvq7si$dd2f9b02ea86f1303cb1f5a285947a427616f5bdc3fe036d1b23810d60a20926,egay,mfrank@example.com
pbkdf2:sha256:600000$8RLyD5tCSnVWgYdg$748f4ac866771465d7546c47518218e80d2ec05607ffd9b65ceadf8f47545d59,patriciacooley,hhood@example.org
pbkdf2:sha256:600000$9qpt0rtfA9nsmiPB$8c4da2543c001e82025c9067c32ec0c68f98ff6bccb7e90888a4ffb567d59757,stevenroth,corey38@example.com
pbkdf2:sha256:600000$95lTQnfA3diWhuFo$5634d82c7aa49eabf5e1a508b3de6f0fbad75298d59ada61e20d392d7420cf08,gerald65,brittanyhunter@example.org
pbkdf2:sha256:600000$zk9zyrnrpj9PVwGo$d0a24f647aa25de60f7c9c7b68507e8213f77d293ac254658d67488559db0b49,laurahall,clozano@example.net
pbkdf2:sha256:600000$y9azsJpmjhzAu8JJ$79e5a8e3bddedc9c2292e07cf2e49312d7255339cee09ec7e3492125b0bf6e85,michael75,vhuff@example.net
pbkdf2:sha256:600000$UoJzKORFEOiNX7Wy$e4e62e65c5437c03c1f9996d465e33b9710246a1116194598cac3163b362a2ea,aimee07,timothypowell@example.com
pbkdf2:sha256:600000$sb6vCS76lE0o00uv$430e3ed070650981677877f77991bec4eacfe30d7d0505a5da3533c63967c5d9,jacksonerica,melvin13@example.org
pbkdf2:sha256:600000$wwASsj48W6E7jN1A$b9c330e1c47825b1dab0be1017a02d2423d7bae1c511aa51b6b8c3205801f435,elizabeth17,lewisdaniel@example.org
pbkdf2:sha256:600000$V5gg7NXWF8dRYzxI$f882601a0fd2feb7906c6ed6565753aea12f8977fd571cc4c7e60238f027698f,leah44,petersonmichael@example.net
pbkdf2:sha256:600000$e6LoFTklD9fks0qh$ffb0bfcb29dcfa5605809c2e35b684927868467429d02445ac08982752423c9c,christopher47,opalmer@example.org
pbkdf2:sha256:600000$bctEk269FbBLeaZr$6dfc748d0a6e56924d21485f94322577114315a1092c267d1c11ed875a901341,jonesdouglas,deniseguzman@example.com
pbkdf2:sha256:600000$9FzjavxSsX4cg6Ov$139e09b7accbfe2993709fd9454518a0fec5fac86fc3ef36f22b1cf821f0a53f,travis21,nbarnett@example.net
pbkdf2:sha256:600000$GJca9tOzuib79Vwl$1f26eaa0ea0ce582f28c66d57d53c4751ab4b05fb0cdb1d371c5fba48ce60d23,sanchezjohn,piercebrittany@example.com
pbkdf2:sha256:600000$cg7eJiF9ODjGrzfR$f16f1f80911cb148ae12e941a182e0b1d1868a246913f46a692051afb03fe96c,laurenjackson,watsonvictor@example.net
pbkdf2:sha256:600000$X8wO5ojYWDRX5yxh$6ecb2ec854239e3b93e55bb440f2861e09e732c3a5ce02d34611bbb16fe73e4e,craig65,orobinson@example.net
pbkdf2:sha256:600000$RRh7MGevGMwnabFP$36b7f9b8bef75a46622312fd7462e56db4431638a8a58199bf075db0bbe87538,tammy76,wilsonvincent@example.net
pbkdf2:sha256:600000$cIENmbLxqA5T8SpS$b8257498d233eb499907b8bab8df2b40df6052e1938be4265651ffaa7d2589fe,alanparker,hansenjulie@example.org
pbkdf2:sha256:600000$OxFviyEX8pjh2n9R$1cedfe1f0d178eff22f5ac0e468315e9f768428e2dfd8a230f2a2be929a1b24b,autumn02,longmelissa@example.net
pbkdf2:sha256:600000$h2vzEGJbjaIXcEXz$e149dc1bd9f396ab6f3c5775f65400793f7b7e14a062baa74cceaa28348535d5,morganjacqueline,shawnleonard@example.org
pbkdf2:sha256:600000$etusoR8FT1YFocOw$a179a99913ddd8c6c337d1735f6f3a2ba1defb49d55fd51f906ad40b769da2f1,julia57,xwhite@example.org
pbkdf2:sha256:600000$GaLG0CFNZbpaI6J8$336e7309911abe7d9316ce8f64786f127a4e766dee0788bb15632f2436ba8c7c,denise39,vazquezmelissa@example.com
pbkdf2:sha256:600000$9VYMjS8nZPtTKWhe$afe5ae5b4c36fa1e917b7e70ef9be9fc30f1fab6a708e52cf7b4e7505f450dcc,jimenezchristopher,vwalker@example.org
